company_id,years_since_ipo,status,pe_ratio
0,10.219178082191782,1,9.7
1,2.326027397260274,1,12.0
2,1.2328767123287672,1,3.0
3,0.736986301369863,1,5.3
4,16.53698630136986,0,10.8
5,2.1205479452054794,1,6.3
6,2.808219178082192,1,11.6
7,14.273972602739725,0,10.3
8,3.8465753424657536,1,8.0
9,1.0164383561643835,1,4.0
10,5.336986301369863,1,5.9
11,3.084931506849315,1,8.3
